smiles,efflux_evader
Brc1cncc(-c2cc(NCCCn3ccnc3)nc(-c3ccccc3)n2)c1,0
N#C/C(=N\Nc1cccc(C(F)(F)F)c1)C(N)=S,0
CC(C)C(=O)/C(=C/c1ccc(Cl)cc1Cl)n1cncn1,0
O=C(N/N=C(/CC(=O)c1cccs1)C(F)(F)F)c1cccc([N+](=O)[O-])c1,0
O=C(N/N=C(/CC(=O)c1cccs1)C(F)(F)F)c1ccc(Cl)cc1,0
O=CN/C(=C(/Cl)SCc1ccccc1)[P+](c1ccccc1)(c1ccccc1)c1ccccc1,0
Cc1ccc(OP(=O)(N/N=C2/C(=O)Nc3ccccc32)Oc2ccc(C)cc2)cc1,0
CC(C)=C(NC(=O)c1ccccc1)C(=O)N/N=C(/c1ccccc1)C(O)c1ccccc1,0
Cc1ccccc1C(=O)N/N=C/C=C1\N(C)c2ccccc2C1(C)C,0
O=C1/C(=C/c2cc(I)cc(I)c2O)Sc2ccccc21,0
Cc1ccc(NC(=N\O)/C(=N/O)Nc2ccc(C)c(C)c2)cc1C,0
O=C(CC1S/C(=N\c2ccccc2)N(CCCO)C1=O)Nc1ccc(Cl)cc1,0
Cc1cccc(OCC(=O)N/N=C2\C(=O)N(C)c3ccccc32)c1,0
CN1C(=O)/C(=N\NC(=O)COc2cccc(Cl)c2)c2ccccc21,0
CN1C(=O)/C(=N\Nc2nncc(-c3ccccc3)n2)c2cc(Br)ccc21.[Na+],0
Cc1ccc(C2=NOC(=N\O)/C2=N/O)cc1,0
O=C(Nc1ccccc1)O/N=c1\ssc2ccccc12,0
CCn1c(-c2ccccc2)cs/c1=N/c1cccnc1,0
CC(Oc1ccc(Cl)cc1Cl)C(=O)NNC(=O)c1ccc(O)c(O)c1,0
O=C(CNC(=O)C(c1ccccc1)c1ccccc1)N/N=C/c1ccc(O)c(Br)c1,0
O=C(CNC(=O)C(c1ccccc1)c1ccccc1)N/N=C/c1ccc(O)cc1O,0
CC(C)(C)NC(=O)C(=O)NNC(=O)c1cccc(I)c1,0
COc1ccc(C(O)(C(=O)NNc2cccc(Cl)c2)c2ccc(OC)cc2)cc1,0
O=C(NN=C1CCCCC1)C(O)(c1ccc(Cl)cc1)c1ccc(Cl)cc1,0
C/C(CC(=O)Nc1ccc(Cl)cc1)=N\NC(=O)COc1ccccc1C,0
COc1ccc(NC(=O)/C=C/C(=O)Nc2ccc(OC)cc2)cc1,0
O=C(Nc1cccc(/N=C/c2cc(Br)cc(Br)c2O)c1)c1ccco1,0
COc1cc(SC)ccc1C(=O)Nc1nccs1,0
Cl.O=C(OC(CCN1CCCCC1)c1ccccc1)C1(c2ccccc2)CCCC1,0
Cn1c(=O)cc2c3c(c(NCCCO)ccc31)C(=O)c1ccccc1-2,0
O=C(Nc1cc(OC(=O)c2ccc(Cl)cc2)ccc1Cl)c1ccc(Cl)cc1,0
CC(/C=C/c1ccccc1F)=N\NC(=O)c1cccc(F)c1,0
O=C(N/N=C/c1cc(Br)cc(Br)c1OC(=O)c1ccccc1Br)c1ccncc1,0
O=C(O)c1ccccc1C(=O)Nc1ccccc1C#Cc1ccc(Br)cc1,0
Cc1cc(=O)[nH]c(SCC(=O)Nc2ccc(Br)cc2)c1C#N,0
CCCCCCCC1C(C#N)=C(N)SC(N)=C1C#N,0
CCn1cc(C(=O)O)c(=O)c2cc(F)c(N3CCN(C(=S)NC(=O)C45CC6CC(CC(C6)C4)C5)CC3)cc21,0
CCn1cc(C(=O)O)c(=O)c2cc(F)c(N3CCN(C(=S)NC(=O)c4cccc(Br)c4)CC3)cc21,0
CCn1cc(C(=O)O)c(=O)c2cc(F)c(N/N=C/c3ccccc3)cc21,0
CCn1cc(C(=O)O)c(=O)c2cnc(N3CCN(C(=S)NC(=O)c4cccc(F)c4)CC3)nc21,0
CCOc1cccc(C(=O)NC(=S)N2CCN(c3ncc4c(=O)c(C(=O)O)cn(CC)c4n3)CC2)c1,0
CCn1cc(C(=O)O)c(=O)c2cnc(N3CCN(C(=S)NC(=O)c4ccccc4Br)CC3)nc21,0
CCn1cc(C(=O)O)c(=O)c2cnc(N3CCN(C(=S)Nc4ccc(OC)cc4)CC3)nc21,0
CCn1cc(C(=O)O)c(=O)c2cnc(N3CCN(C(=S)Nc4ccccc4C(F)(F)F)CC3)nc21,0
CCn1cc(C(=O)O)c(=O)c2cnc(N3CCN(C(=S)Nc4ccccc4Cl)CC3)nc21,0
COc1ccc(OC)c(C2C(C(=O)c3ccccc3)=C(O)C(=O)N2c2ccc(F)cc2)c1,0
Cc1ccc(N2C(=O)C(O)=C(C(=O)c3ccccc3)C2c2ccccc2)cc1,0
Cc1ccc(N2C(=O)C(O)=C(C(=O)c3ccccc3)C2c2ccccc2F)cc1,0
CC(=O)NNc1ccc(Br)cc1,0
CCCCCCCCSCCCCC(=O)O,0
CCc1ccc(OCC(=O)NCCc2ccccc2)cc1,0
COc1cc(Br)ccc1OCC(=O)N/N=C/c1ccc(C)cc1O,0
O=C(CSCC(=O)N/N=C/c1ccccc1O)N/N=C/c1ccccc1O,0
O=C(CSCc1ccccc1Cl)N/N=C/c1ccc(F)cc1,0
O=C(CSCc1ccccc1Cl)N/N=C/c1cccc(Cl)c1,0
O=C(CSCc1ccccc1Cl)N/N=C/c1ccccc1,0
N/C(=C\C(=O)/C=C/c1cccs1)C(Cl)(Cl)Cl,0
O=C(Nc1nc[nH]n1)C(F)(OC(F)(F)C(F)(F)C(F)(F)F)C(F)(F)F,0
Oc1cc(C(F)(F)C(F)(F)C(F)(F)C(F)(F)F)nn1-c1ccccc1,0
O=[N+]([O-])c1cc(Br)c(O)c(/C=N/c2ccccc2OCC(F)(F)C(F)(F)C(F)(F)C(F)F)c1,0
O=[N+]([O-])c1cc(Br)cc(/C=N/c2ccccc2OCC(F)(F)C(F)(F)C(F)(F)C(F)F)c1O,0
Oc1c(Cl)cc(Cl)cc1/C=N/c1ccccc1OCC(F)(F)C(F)(F)C(F)(F)C(F)F,0
N#CC(C#N)=NNc1ccccc1C(F)(F)F,0
CCCCCCCNC(=O)CC(CO)NCCCCCCC,0
c1csc(-c2cnc3sc(NCC4CCOCC4)nn23)c1,0
Cc1cc(O)c(Cl)cc1C(O)(C(F)(F)F)C(F)(F)F,0
Oc1c(Cl)cc(Cl)cc1C(O)(C(F)(F)F)C(F)(F)F,0
CC(=O)Oc1cc(C)ccc1C(O)(C(F)(F)F)C(F)(F)F,0
O=C1CC(O)(C(F)F)Oc2c1ccc1ccccc21,0
COC(=O)C(O)(c1ccc(O)c(O)c1)C(F)(F)F,0
O=C1CC(O)(C(F)(F)F)Oc2c1ccc1ccccc21,0
Cl.O=C(OCCCN1CCOCC1)C(O)(c1ccc(Br)cc1)c1ccc(Br)cc1,0
COC(F)(C(=O)Oc1ccc([N+](=O)[O-])c(Oc2ccc(C(F)(F)F)cc2Cl)c1)C(F)(F)F,0
CCOC(=O)C(NC(=O)Nc1sc2c(c1C(=O)OC)CCCC2)(OCC(F)(F)F)C(F)(F)F,0
CCCCNc1ccc2c3c(cc(=O)n2C)-c2ccccc2C(=O)c13,0
CC(/C=C/c1ccccc1F)=N\NC(=O)c1ccccc1,0
O=Cc1cc(Cc2ccc(OC(=O)c3ccccc3)c(C=O)c2)ccc1OC(=O)c1ccccc1,0
O=C(O)/C=C\C(=O)Nc1ccccc1C#Cc1ccc(Br)cc1,0
C/C(=N\Nc1nc(Nc2ccccc2)nc(N2CCCC2)n1)c1ccccc1,0
O=C(NNC1=C(C(=O)C(F)(F)F)CCC1)c1cccc(Br)c1,0
COc1ccc(NC2=C(n3nnc4ccccc43)C(=O)c3ccccc3C2=O)cc1,0
COc1cccc(C(C2=C(O)CC(C)(C)CC2=O)C2C(=O)CC(C)(C)CC2=O)c1O,0
CCN(CC)c1ccc2nc3c4ccccc4c(=N)cc-3oc2c1.Cl,0
OC1=C2C(=Nc3ccccc3SC2c2ccc3c(c2)OCO3)c2ccccc21,0
O=C(c1cccs1)c1coc2ccc(Cl)cc2c1=O,0
Cc1ccc(-n2c3nc(=O)[nH]c(=O)c-3cc3c(Cl)cccc32)cc1C,0
O=c1nc2n(-c3ccc(Br)cc3)c3cccc(Cl)c3cc-2c(=O)[nH]1,0
O=c1nc2n(-c3ccc(Cl)cc3)c3cccc(Cl)c3cc-2c(=O)[nH]1,0
Cc1ccc(-n2c3nc(=O)[nH]c(=O)c-3cc3c(Cl)cccc32)c(C)c1,0
O=c1nc2n(-c3ccccc3)c3cccc(Cl)c3cc-2c(=O)[nH]1,0
CC(C)(C)c1cc(C(F)(F)F)c2c(=O)n(-c3ccccc3)[nH]c2n1,0
O=c1c2c(C(F)(F)F)cc(-c3ccccc3)nc2[nH]n1-c1ccccc1,0
O=C1C(=O)c2ccccc2-c2ccccc21,0
CC(=O)[C@H]1[C@H](c2cccs2)C(C#N)(C#N)[C@@H]2c3ccccc3C=CN21,0
Br.Cn1ccnc1SCC(=O)c1cc2c(ccc3ccccc32)oc1=O,0
Cc1c(C(c2cc(Br)c(O)c(O)c2Br)c2c(C)n(C)n(-c3ccccc3)c2=O)c(=O)n(-c2ccccc2)n1C,0
O=C1C2=C(C(c3ccccc3)=NCCN2)C(c2ccc(F)cc2)N1c1cccc(C(F)(F)F)c1,0
Cc1cnc(-c2cccnc2)n1CCC12CC3CC(CC(C3)C1)C2,0
Cc1cnc(-c2ccncc2)n1CCC12CC3CC(CC(C3)C1)C2,0
COc1cccc(/C=C2/SC(N3CC(C)OC(C)C3)=NC2=O)c1OC,0
O=C(CC1(C(F)(F)F)NCCN1)c1cccc2ccccc12,0
CCOc1ccc2c(C)nc(NC3=NC(C)(C)C=C(C)N3)nc2c1,0
O=C1OC(C[N+](=O)[O-])C(Br)=C1Oc1ccccc1,0
CN1C=C(c2ccc3ccccc3n2)C(c2cccc3ccccc23)c2ccccc21,0
CCN1C=C(c2ccc3cc(C)ccc3n2)C(c2c[nH]c3ccccc23)c2cc(C)ccc21,0
Cc1ccc2c(=O)cc(-c3cccs3)oc2c1,0
CC(C)CCOC(=O)C[N+](C)(C)CCOC1CC2CCC1(C)C2(C)C.[Cl-],0
CC(=O)C1=NN(c2ccc(Br)cc2)C2(CCC(c3ccccc3)=NN2c2ccccc2)S1,0
CC(=O)O[C@H]1C[C@@]2(C)C(C[C@@H](O)C3[C@@]4(C)CC[C@@H](O)[C@@H](C)C4CC[C@@]32C)/C1=C(\CCC=C(C)C)C(=O)On1nnc2ccc(Cl)cc21,0
CC(=O)O[C@H]1C[C@@]2(C)C(C[C@@H](O)C3[C@@]4(C)CC[C@@H](O)[C@@H](C)C4CC[C@@]32C)/C1=C(\CCC=C(C)C)C(=O)O,0
CC(=O)N1CCN(c2ccc(Oc3ccc(Cl)cc3O)cc2)CC1,0
CC(=O)NC[C@@H]1CN(c2ccc(N3CCOCC3)c(F)c2)C(=O)O1,0
CC(=O)NC[C@H]1CN(c2ccc(N3CCSCC3)c(F)c2)C(=O)O1,0
CC(C)CCc1sc(NC(=O)c2cc(NC(=O)c3cc(NC(=N)c4ccccc4)cn3C)cn2C)nc1C(=O)NCCCN(C)C.O=C(O)C(F)(F)F.O=C(O)C(F)(F)F,0
CC(c1cc(Cl)cc(Cl)c1)N(C)c1ncc2c(N)nc(N)nc2n1,0
CCOC(=O)C1=C(C)Nc2nc3c(c(N)c2C1c1ccccc1OC)CCCC3.Cl,0
CC(=O)C(=O)NC1C=C(C)C=CC(O)CC=C(C)C=CC(O)CC2OC(=O)C1(C)C(=O)C2C,0
CCOC(=O)C1=C(C)Nc2nc3c(c(N)c2C1c1ccccc1OC)CCCC3,0
CCN(CC)S(=O)(=O)c1ccc(C(=O)Nc2cc(C)nn2-c2nc(C)c(C)c(=O)[nH]2)cc1,0
CCOC(=O)c1cc2c(N)c3c(nc2nc1C)CCCC3,0
Cc1ccccc1Nc1ccccc1-c1ccccc1[N+](=O)[O-],0
CCc1c(C)nc(-n2nc(C)cc2NC(=O)c2ccccc2SC)[nH]c1=O,0
CCCn1c(NC(=O)c2ccc3ccccc3n2)nc2ccccc21,0
CCOC(=O)NC(=O)c1ccsc1NC(=O)c1nc2ccccc2s1,0
Cc1nc(-c2ccccn2)nc(N(C)CCc2ccccc2)c1Cl,0
CC(=O)/C=C/c1ccc(C(=O)Nc2cc(C(=O)Nc3cc(C(=O)NCCN4CCOCC4)n(C)c3)n(C)c2)cc1.O=C(O)C(F)(F)F,0
CC(C)n1cc(NC(=O)c2cc(NC(=O)c3ccc(/C=C/c4cnc5ccccc5c4)cc3)cn2C)cc1C(=O)NCCN1CCOCC1.O=C(O)C(F)(F)F.O=C(O)C(F)(F)F,0
CN(C)CCNC(=O)c1cc(NC(=O)c2cc(NC(=O)c3ccc(/C=C/c4cnc5ccccc5c4)cc3)cn2C)cn1C.O=C(O)C(F)(F)F.O=C(O)C(F)(F)F,0
Cn1cc(NC(=O)c2ccc(/C=C/c3cnc4ccccc4c3)cc2)cc1C(=O)Nc1cc(C(=O)NCCN2CCOCC2)n(CCCN=[N+]=[N-])c1.O=C(O)C(F)(F)F.O=C(O)C(F)(F)F,0
Cn1cc(NC(=O)c2ccc(/C=C/c3ccncc3)cc2)cc1C(=O)Nc1cc(C(=O)NCCN2CCOCC2)n(CCCCl)c1.O=C(O)C(F)(F)F.O=C(O)C(F)(F)F,0
Cn1cc(NC(=O)c2ccc(/C=C/c3ccncc3)cc2)cc1C(=O)Nc1cc(C(=O)NCCN2CCOCC2)n(CCCN2CCN(Cc3cccc4ccccc34)CC2)c1.O=C(O)C(F)(F)F.O=C(O)C(F)(F)F.O=C(O)C(F)(F)F.O=C(O)C(F)(F)F,0
Cn1cc(NC(=O)c2ccc(/C=C/c3ccncc3)cc2)cc1C(=O)Nc1cc(C(=O)NCCN2CCOCC2)n(CCCN2CCOCC2)c1.O=C(O)C(F)(F)F.O=C(O)C(F)(F)F,0
Cn1cc(NC(=O)c2ccc(/C=C/c3ccncc3)cc2)cc1C(=O)Nc1cc(C(=O)NCCN2CCOCC2)n(CCCSc2ccccc2)c1.O=C(O)C(F)(F)F.O=C(O)C(F)(F)F,0
CN(C)CCNC(=O)c1cc(NC(=O)c2cc(NC(=O)c3ccc(/C=C/c4ccc(N(C)C)cc4)nc3)cn2C)cn1C.O=C(O)C(F)(F)F,0
CN(C)CCNC(=O)c1cc(NC(=O)c2cc(NC(=O)c3ccc(/C=C/c4ccc(N(C)C)cc4)nc3)cn2C)cn1C.O=C(O)C(F)(F)F.O=C(O)C(F)(F)F,0
Cn1cc(NC(=O)c2cc(NC(=O)c3sc(N)nc3C(F)(F)F)cn2C)cc1C(=O)NCCN1CCOCC1.O=C(O)C(F)(F)F,0
CC(=N)Nc1cc(C(=O)Nc2cc(C(=O)Nc3cc(C(=O)NCCCN(C)C)n(C)c3)n(C)c2)n(C)c1.O=C(O)C(F)(F)F.O=C(O)C(F)(F)F,0
CC(C)c1sc(NC(=O)c2cc(NC(=O)c3cc(NC(=O)c4cc(NC=O)cn4C)cn3C)cn2C)nc1C(=O)NCCCN(C)C.O=C(O)C(F)(F)F,0
COCCOC1CCN(CCNC(=O)c2cc(NC(=O)c3cc(NC(=O)c4ccc(/C=C/c5ccc6nonc6c5)cc4)cn3C)cn2C)CC1.O=S(=O)(O)O,0
COc1ccc(/C=C/c2ccc(C(=O)Nc3cc(C(=O)Nc4cc(C(=O)NCCN5CCC(OC)CC5)n(C)c4)n(C)c3)cc2)cc1.O=C(O)C(F)(F)F,0
COCCOC1CCN(CCNC(=O)c2cc(NC(=O)c3cc(NC(=O)c4ccc(/C=C/c5cnc6ccccc6c5)cc4)cn3C)cn2C)CC1,0
Cn1cc(NC(=O)c2cc(NC(=O)c3cc(NC(=O)c4ccc(Cl)cc4Cl)cn3C)cn2C)cc1C(=O)NCCCN1CCOCC1.O=C(O)C(F)(F)F,0
Cn1cc(NC(=O)c2cc(NC(=O)c3cc(NC(=O)c4ccc(Cl)cc4Cl)cn3C)cn2C)cc1C(=O)NCCN1CCOCC1.O=C(O)C(F)(F)F,0
COc1cccc(C(=N)Nc2cc(C(=O)Nc3cc(C(=O)Nc4cc(C(=O)NCCCN(C)C)n(C)c4)n(C)c3)n(C)c2)c1.O=C(O)C(F)(F)F.O=C(O)C(F)(F)F,0
COc1cccc(C(=N)Nc2cc(C(=O)Nc3cc(C(=O)Nc4cc(C(=O)NCCCN(C)C)n(CCC(C)C)c4)n(C)c3)n(C)c2)c1,0
CN(C)CCCNC(=O)c1cc(NC(=O)c2cc(NC(=O)c3cc(NC(=N)c4ccccc4)cn3C)cn2C)cn1C.O=C(O)C(F)(F)F.O=C(O)C(F)(F)F,0
CC(C)CCn1cc(NC(=O)c2cc(NC(=O)c3cc(NC(=N)c4ccccc4)cn3C)cn2C)cc1C(=O)NCCCN(C)C.O=C(O)C(F)(F)F.O=C(O)C(F)(F)F,0
COc1ccc(/C=C/c2ccc(C(=O)Nc3cc(C(=O)Nc4cc(C(=O)NCCN5CCC(OC)CC5)n(C)c4)n(C)c3)cn2)cc1.O=C(O)C(F)(F)F.O=C(O)C(F)(F)F,0
COCCOC1CCN(CCNC(=O)c2cc(NC(=O)c3cc(NC(=O)c4ccc(/C=C/c5ccc(OC)cc5)nc4)cn3C)cn2C)CC1,0
CN(C)CCCNC(=O)c1cc(NC(=O)c2cc(NC(=O)c3cc(NC(=N)c4cc5ccccc5cn4)cn3C)cn2C)cn1C.O=C(O)C(F)(F)F.O=C(O)C(F)(F)F,0
Cn1cc(NC(=O)c2cc(NC(=O)c3ccc(/C=C/c4ccc5ccccc5n4)cc3)cn2C)cc1C(=O)NCCN1CCOCC1.O=C(O)C(F)(F)F,0
Cn1cc(NC(=O)c2cc(NC(=O)c3ccc(/C=C/C4CC4)cc3)cn2C)cc1C(=O)NCCN1CCOCC1.O=C(O)C(F)(F)F,0
COC(=O)c1ccc(C(=O)Nc2cc(C(=O)Nc3cc(C(=O)NCCN4CCOCC4)n(C)c3)n(C)c2)cc1.O=C(O)C(F)(F)F,0
CN1CCN(CCCOc2ncc(Nc3ncc(-c4ccc(C(F)(F)F)c(F)c4)nc3C(N)=O)cn2)CC1,0
COc1cccc(-n2nnnc2S(=O)(=O)Cc2ccccc2)c1,0
C[Pt+]1(C)(C)([n+]2ccccc2)[n+]2cccc3c4nc5ccccc5nc4c4ccc[n+]1c4c32.F[P-](F)(F)(F)(F)F,0
Cc1nc(-c2ccccn2)nc(N2CCC(Cc3ccccc3)C2)c1Cl,0
Fc1ccc(CCOc2cncc3nnc(-c4ccc(Cl)cc4)n23)cc1F,0
FC(F)(F)c1cccc(-c2nc3nc(Cl)c(Cl)nc3[nH]2)c1,0
CC1(C)N=C(N)N=C(N)N1c1ccc(OCCCOc2ccccc2)c(Cl)c1.CCS(=O)(=O)O,0
O=C(Nc1nnc(-c2ccc(Cl)s2)o1)c1ccc(Cl)s1,0
O=C(Nc1cccc(Cl)c1)c1cnc(N2CCN(c3ccncc3)CC2)c(Cl)c1,0
O=C(c1ccco1)N(CCCn1ccnc1)c1nc2c(Cl)cccc2s1,0
Cc1ccc(CCNC(=O)c2ncc([N+](=O)[O-])n2C)cc1,0
CCN1C(=O)c2cccc3c(-n4cc(CN5CCCNCCN(Cc6cn(-c7ccc8c9c(cccc79)C(=O)N(CC)C8=O)nn6)CCCNCC5)nn4)ccc(c23)C1=O.O=C(O)C(F)(F)F.O=C(O)C(F)(F)F,0
O=C(Nc1nnc(-c2ccc(Cl)cc2)o1)c1cccc(C(F)(F)F)c1,0
C/C(Cn1nnc([N+](=O)[O-])n1)=N\c1sc2c(c1C#N)CCCC2,0
O=C(/C(=N\c1ccccc1O)c1ccccc1)c1ccccc1,0
Oc1ccccc1/N=C/c1ccc(OCc2cccc(Br)c2)cc1,0
Oc1ccc(I)cc1/C=N/c1cc(Cl)ccc1O,0
Cc1nc(N=Nc2ccccc2)[nH]c1N=Nc1ccccc1,0
COc1ccc(/C=C2/SC(N3CCC(C)CC3)=NC2=O)c(OC)c1,0
COc1ccc(/C=C2/SC(N3CCCC(C)C3)=NC2=O)c(OC)c1,0
CC1CCN(C2=NC(=O)/C(=C\c3ccccc3Cl)S2)CC1,0
CC(C)c1ccc(/C=C2\SC(N3CCCCC3)=NC2=O)cc1,0
COc1ccc(OC)c(/C=C2\SC(N3CCCCCC3)=NC2=O)c1,0
O=C(COc1cccc(Cl)c1)NNC(=S)NC(=O)c1ccccc1,0
Br.CN(C)c1nc(=NCc2ccco2)ss1,0
CC1CC(NC2CCCCC2)=Nc2ccccc2N1Cc1ccccc1,0
c1ccc(C2=NN(c3ccccc3)C(c3ccc4c(c3)OCO4)N2c2ccc(N3CCOCC3)cc2)cc1,0
CC1(C)CC(=O)C2=C(C1)Nc1ccccc1N(C(=O)C1CC1)C2c1ccc(Cl)cc1,0
N=C1S/C(=C\c2ccc(Cl)cc2Cl)C(=O)N1c1nonc1N,0
COc1cccc(C2(O)CC(C(F)(F)F)=NN2C(=O)c2ccccc2O)c1,0
CCCCCCCC(=O)N1c2ccc(C)cc2[C@@H]2CN(C)CC[C@H]21.Cl,0
CCCCCOC(=O)n1c(=O)oc2cc([N+](=O)[O-])ccc21,0
CC(=O)C1=NN(c2ccc(C)cc2)C(c2c[nH]c3ccccc23)N1C1CCCCC1,0
Br.CCn1c(=N)n(CC(=O)C23CC4CC(CC(C4)C2)C3)c2ccccc21,0
CCCCCCCn1ccc(=N)cc1.I,0
Cl.NCCN1C(=O)S/C(=C/c2ccc(F)c(Oc3ccccc3)c2)C1=O,0
COc1ccccc1/C=C1/SC(=S)N(CN(Cc2ccccc2)Cc2ccccc2)C1=O,0
CC1CCN(CN2C(=O)/C(=C\c3ccccc3Cl)SC2=S)CC1,0
O=C1S/C(=C/c2ccccc2Cl)C(=O)N1CN1CCCCC1,0
O=C1/C(=C\c2ccc([N+](=O)[O-])cc2)SC(=S)N1CN1CCCCC1,0
COC(=O)c1ccc(NCN2C(=O)/C(=C\c3cc(OC)c(OC)c(OC)c3)SC2=S)cc1,0
COC(=O)c1ccc(NCN2C(=O)/C(=C\c3cccc(Cl)c3Cl)SC2=S)cc1,0
COC(=O)c1ccc(/C=C2\SC(=O)N(CNc3ccc(C)cc3)C2=O)cc1,0
CCc1ccc(NCN2C(=O)/C(=C\c3ccc(Cl)cc3Cl)SC2=S)cc1,0
CCc1ccc(NCN2C(=O)/C(=C/c3cccc(Cl)c3Cl)SC2=S)cc1,0
CCCCc1ccc(NCN2C(=O)/C(=C\c3cc(OC)c(OC)c(OC)c3)SC2=S)cc1,0
O=C1/C(=C/c2cccc(Cl)c2Cl)SC(=S)N1CNc1ccc(I)cc1,0
O=C1/C(=C\c2ccc(Cl)cc2Cl)SC(=S)N1CNc1ccc(-c2ccccc2)cc1,0
COc1cc(/C=C2/SC(=S)N(CNc3ccc(C)c(C)c3)C2=O)cc(OC)c1OC,0
Cc1ccc(NCN2C(=O)/C(=C\c3ccc(Cl)cc3Cl)SC2=S)cc1C,0
Cc1ccc(NCN2C(=O)/C(=C\c3cccc(Cl)c3Cl)SC2=S)cc1C,0
CC(C)c1ccc(/C=C2/SC(=O)N(CNc3cccc(C(F)(F)F)c3)C2=O)cc1,0
Cc1ccc(Cl)cc1NCN1C(=O)/C(=C\c2cccc(Cl)c2Cl)SC1=S,0
O=C1S/C(=C\c2cccc(Cl)c2)C(=O)N1CNc1cc(Cl)ccc1Cl,0
Cc1cc(I)ccc1NCN1C(=O)/C(=C\c2ccccc2Cl)SC1=S,0
O=C1/C(=C\c2ccccc2Br)SC(=S)N1CNc1cccc(Br)c1,0
COc1cc(/C=C2/SC(=S)N(CNc3cccc(Cl)c3C)C2=O)cc(OC)c1OC,0
CC(C)c1ccc(/C=C2/SC(=S)N(CNc3cccc(F)c3)C2=O)cc1,0
COc1cc(/C=C2/SC(=S)N(CNc3cccc(F)c3)C2=O)cc(OC)c1OC,0
O=C1/C(=C\c2ccccc2Cl)SC(=S)N1CNc1cccc(F)c1,0
COc1cccc(NCN2C(=O)/C(=C\c3cccc(Cl)c3Cl)SC2=S)c1,0
Cc1ccccc1NCN1C(=O)/C(=C/c2ccc(C(C)C)cc2)SC1=S,0
COc1cc(/C=C2/SC(=S)N(CNc3ccccc3Cl)C2=O)cc(OC)c1OC,0
COc1cc(/C=C2/SC(=S)N(CNc3ccccc3F)C2=O)cc(OC)c1OC,0
COc1ccccc1NCN1C(=O)/C(=C\c2cc(OC)c(OC)c(OC)c2)SC1=S,0
O=C1c2ccc3c4c(ccc(c24)C(=O)N1N=C1CCCCC1)CC3,0
COc1ccc(/C=N/N2C(=O)c3ccc4c5c(ccc(c35)C2=O)CC4)cc1Br,0
COc1cc(/C=N/N2C(=O)c3ccc4c5c(ccc(c35)C2=O)CC4)ccc1O,0
CC(=O)C1=NN(c2ccc(C)cc2)C(c2ccccc2OCc2ccccc2)N1c1ccc(N(C)C)cc1,0
CCN(CC)c1ccc(N2C(C(C)=O)=NN(c3ccccc3)C2c2ccccc2OCc2c(Cl)cccc2Cl)cc1,0
COc1ccc(N2N=C(C(C)=O)N(c3ccc(C)c(C)c3)C2c2ccc(C)cc2)cc1,0
CC(=O)C1=NN(c2ccccc2)C(c2ccccc2OCc2c(Cl)cccc2Cl)N1c1ccc(Cl)c(Cl)c1,0
CC(=O)C1=NN(c2ccc(C)cc2)C(c2c[nH]c3ccccc23)N1c1ccc(N2CCCCC2)c(Cl)c1,0
CC1=NN(c2ccc(Cl)cc2)C(=O)/C1=C/NNC(=O)c1ccc(Br)cc1,0
CC1=NN(c2ccc(Cl)cc2)C(=O)/C1=C/NNC(=O)c1ccccc1O,0
CC(=O)C1=NN(c2ccccc2)C(c2ccccc2OCc2ccc(Cl)cc2)N1c1ccc(Cl)cc1,0
COc1ccc(N2C(C(C)=O)=NN(c3ccccc3)C2c2ccccc2OCc2c(Cl)cccc2Cl)cc1,0
CC(=O)C1=NN(c2ccccc2)C(c2cccs2)N1c1ccc(Oc2ccc(Cl)cc2)cc1,0
O=c1c2ccc3c(=O)n(-c4cccc(O)c4)c(=O)c4ccc(c(=O)n1-c1cccc(O)c1)c2c34,0
CC1=NN(c2ccccc2)C(=O)/C1=C/NNC(=O)c1ccc(Cl)cc1,0
CC(=O)C1=NN(c2ccc(Cl)cc2)C(c2ccc(OCc3ccccc3Cl)cc2)N1c1ccccc1,0
Cl.c1cc2cccc3c2c(c1)nc1ccccn13,0
Cc1cc2nc(Nc3nc(=O)c(C)c(C)[nH]3)nc(C)c2cc1C,0
CCOC(=O)CSC1=NC(=O)/C(=C\c2ccc(Cl)cc2Cl)S1,0
N=C1NC(=O)/C(=C\c2ccc(-c3ccccc3[N+](=O)[O-])o2)S1,0
COc1c(Cl)cc(Cl)cc1/C=C1\SC(=N)NC1=O,0
COc1cc(/C=C2/SC(=O)NC2=O)c([N+](=O)[O-])cc1OC,0
O=C1NC(=O)/C(=C\c2cccc(OCc3ccccc3)c2)S1,0
O=C1NC(=O)/C(=C\c2ccccc2Br)S1,0
O=C1NC(=S)S/C1=C/c1c[nH]c2ccccc12,0
O=C1NC(=S)S/C1=C/c1cc2c(cc1Br)OCO2,0
O=C1NC(=S)S/C1=C/c1ccccc1Cl,0
CN(C)c1ccc(/C=C2\SC(=S)NC2=O)cc1Br,0
COc1cc(/C=C2\SC(=S)NC2=O)ccc1OC(C)=O,0
O=C1NC(=S)S/C1=C\c1ccc(O)cc1,0
COc1cc(/C=C2\SC(=S)NC2=O)cc(Br)c1OC(C)=O,0
O=C1NC(=S)S/C1=C\c1ccc(Cl)cc1Cl,0
COc1cccc(/C=C2\SC(=S)NC2=O)c1OC,0
O=C1NC(=S)S/C1=C\c1ccccc1Sc1ccccc1,0
COc1cc(/C=C2/S/C(=N/N=C/c3cc(I)cc(I)c3O)NC2=O)ccc1O,0
O=C1N/C(=N/N=C/c2ccc(Cl)cc2)S/C1=C\c1cc(Br)c(O)c(Br)c1O,0
CC1=C(C)C(C)C(C)=C1c1ccc(-c2ccccc2)cc1.CN(C)C1=N[Ir]([P+]23CN4C[N@](C2)C[N@](C4)C3)NC(N)=N1.[Cl-],0
CC1=C(C)C(C)C(C)=C1c1ccc(-c2ccccc2)cc1.NC1=NC(Nc2ccccc2)=N[Ir]([P-]23CN4C[N@](C2)C[N@](C4)C3)N1.[Cl-],0
Nc1nc2ccc(-c3cncc(Oc4ccc(F)cc4)c3)cc2[nH]1,0
CN1CCN(C2=C(N)C(=O)c3ccccc3C2=O)CC1,0
CCCCCCCCCCCCNC(=O)c1ccc(NC(=O)c2cccc(C)c2)cc1,0
CC(C)n1cc(NC(=O)c2cc(NC(=O)c3cc4ccccc4oc3=O)cn2C)cc1C(=O)Nc1cc(C(=O)NCCCN(C)C)n(C)c1.O=C(O)C(F)(F)F,0
CN(C)CCCn1cnc(NC(=O)c2cc(NC(=O)c3cc(NC(=O)c4cc5ccccc5cn4)cn3C)cn2C)c1.O=C(O)C(F)(F)F,0
O=C1c2cccc3cccc(c23)C(=O)N1c1ccc2[nH]c(=O)[nH]c2c1,0
CC(C=CC1(O)C(C)=CC(=O)CC1(C)C)=CC(=O)O,0
O=C(COc1ccc2ccccc2c1)N/N=C/c1cc(Br)c(O)c(Br)c1,0
CCCCCCCCCCN(CCCCCCCCCC)C(=O)C1(C)CCCCC1,0
O=C(N/N=C/c1ccc2c(c1)OCO2)/C(=C\c1ccccc1)NC(=O)c1ccccc1Cl,0
CN(C)CCCNC(=O)c1cc(NC(=O)c2cc(NC(=O)c3cc4ccccc4cn3)cn2C)cn1C.O=C(O)C(F)(F)F,0
Cn1cc(NC(=O)c2cc(NC(=O)c3cc4ccccc4cn3)cn2C)cc1C(=O)NCCN1CCOCC1.O=C(O)C(F)(F)F,0
Cn1cc(NC(=O)c2ccc(/C=C/c3cnc4ccccc4c3)cc2)cc1C(=O)NCCN1CCOCC1.O=C(O)C(F)(F)F.O=C(O)C(F)(F)F,0
CC(=O)N(C(C)=O)c1cc(C(=O)Nc2cc(C(=O)NCCC(=N)N)n(C)c2)n(C)c1.O=C(O)C(F)(F)F,0
COc1ccc(/C=C/c2ccc(C(=O)Nc3cc(C(=O)Nc4nc(C(=O)NCCN5CCOCC5)c(C5CCCCC5)s4)n(C)c3)cn2)cc1.O=C(O)C(F)(F)F.O=C(O)C(F)(F)F,0
COc1cccc(/C=C/c2ccc(C(=O)Nc3cc(C(=O)Nc4cc(C(=O)NCCN5CCOCC5)n(CCCc5cn(CCc6ccccc6)nn5)c4)n(C)c3)cc2)c1.O=C(O)C(F)(F)F,0
Cc1c(C)n(Cc2ccccc2)c2ccc(C(=O)OCCN(C)C)cc12.Cl,0
COc1cccc2c1C(=O)c1c(O)c3c(c(O)c1C2=O)C[C@@](O)(C(C)=NO)C[C@@H]3OC1CC(N)C(O)C(C)O1.Cl,0
[O-][Cl+3]([O-])([O-])[O-].[O-][Cl+3]([O-])([O-])[O-].[Zn].c1ccc2c(-n3cc(CN4CCCNCCN(Cc5cn(-c6cccc7ccccc67)nn5)CCCNCC4)nn3)cccc2c1,0
CCN1C(=O)c2cccc3c(-n4cc5[n+](n4)[Cu]4678[n+]9nn(-c%10ccc%11c%12c(cccc%10%12)C(=O)N(CC)C%11=O)cc9C[N+]49CCC[NH+]6CC[N+]7(CCC[NH+]8CC9)C5)ccc(c23)C1=O.O.[O-][Cl+3]([O-])([O-])[O-].[O-][Cl+3]([O-])([O-])[O-],0
CCN1C(=O)c2cccc3c(-n4cc5[n+](n4)[Zn]4678[n+]9nn(-c%10ccc%11c%12c(cccc%10%12)C(=O)N(CC)C%11=O)cc9C[N+]49CCC[NH+]6CC[N+]7(CCC[NH+]8CC9)C5)ccc(c23)C1=O.O.[O-][Cl+3]([O-])([O-])[O-].[O-][Cl+3]([O-])([O-])[O-],0
Nc1ncnc2cc(-c3cccc(S(N)(=O)=O)c3)sc12,0
O=[N+]([O-])c1ccccc1-c1ccccc1Nc1ccccc1,0
Oc1ccc(/C=N/Nc2nc(Nc3ccccc3)nc(N3CCCCC3)n2)cc1O,0
C[Pt+]1(C)(C)([n+]2cccc(CO)c2)[n+]2cccc3c4nc5c(nc4c4ccc[n+]1c4c32)CCC=C5.F[P-](F)(F)(F)(F)F,0
F[B-](F)(F)F.[O+]#C[Re]1(C#[O+])(C#[O+])([n+]2cccc(CO)c2)[n+]2cccc3c4nc5ccccc5nc4c4ccc[n+]1c4c32,0
O=C1O[C@@H](CO)CN1c1cc(F)c(C2=CCN(Cc3ccccc3)CC2)c(F)c1,0
Cc1ccc2nsnc2c1S(=O)(=O)Nc1ccc(C(=O)O)cc1,0
O=C(Nc1ccc(Cl)cc1)c1cc(Cl)ccc1NS(=O)(=O)c1cccc2nsnc12,0
O=C(Nc1ccc(Cl)cc1)c1cc(Cl)ccc1NS(=O)(=O)c1cccnc1,0
Cc1ccc(S(=O)(=O)N(Cc2ccccc2)c2ccccc2C(=O)N/N=C/c2ccccn2)cc1,0
O=C(Nc1cccc2nsnc12)c1cc(Br)ccc1NS(=O)(=O)c1ccc(Cl)cc1,0
CCc1nnc(NS(=O)(=O)c2ccc(NC(=S)NC(=O)c3ccc(OC)c(OC)c3)cc2)s1,0
NS(=O)(=O)c1ccc(/N=C/c2cc(I)cc(I)c2O)cc1,0
O=S(=O)(Nc1cccc(-c2cn3ccccc3n2)c1)c1ccccc1,0
O=C(Cn1cc2[n+](n1)[Zn]134[N@H+]5CCC[N@@H+]1CC[N@@+]3(CCC[N@@H+]4CC5)C2)NCc1ccccc1,0
CC(=O)Oc1ccc2ccccc2c1/C=C/[N+](=O)[O-],0
O=Cc1cc([N+](=O)[O-])cc(I)c1O,0
Cc1ccc(OCC(=O)N/N=C/c2cc([N+](=O)[O-])cc(Br)c2O)cc1C,0
Cc1cccc(O)c1/N=C/c1cc([N+](=O)[O-])cc(Br)c1O,0
O=C(Oc1c(Br)cc([N+](=O)[O-])cc1/C=N/NC(=O)C1COc2ccccc2O1)c1ccc(Br)cc1,0
O=C(Cc1ccc(Br)c2ccccc12)N/N=C/c1cc([N+](=O)[O-])ccc1O,0
Cc1ccc(OCC(=O)N/N=C/c2cc([N+](=O)[O-])ccc2O)cc1C,0
O=C(COc1ccc(Cl)cc1Br)N/N=C/c1cc([N+](=O)[O-])ccc1OC(=O)c1ccccc1,0
Cl.NCCCCCCNc1ccc(C(F)(F)F)cc1[N+](=O)[O-],0
O=C(Nc1ccccc1C(=O)O)c1cccc(Oc2ccc([N+](=O)[O-])cc2)c1,0
CCN(CC)CCCC(C)Nc1cc(/C=C/c2ccc([N+](=O)[O-])cc2)nc2ccc(OC)cc12,0
O=[N+]([O-])c1ccc(/N=C/c2cc(I)cc(I)c2O)cc1,0
CN(C)c1ccc([N+](=O)[O-])c(N=[N+]=[N-])c1,0
CC(Nc1cc(N2CCNCC2)ccc1[N+](=O)[O-])C12C[C@H]3C[C@@H](C1)C[C@@H](C2)C3,0
CC(Nc1cc(N2CCN(CCO)CC2)ccc1[N+](=O)[O-])c1ccc(Br)cc1,0
CCc1ccc(OCCNc2cc(N3CCN(CCO)CC3)ccc2[N+](=O)[O-])cc1,0
CCc1ccc(OCCNc2cc(N3CC(C)NC(C)C3)ccc2[N+](=O)[O-])cc1,0
O=[N+]([O-])c1ccc(N2CCN(CCO)CC2)cc1NCCOc1ccc(Cl)cc1,0
CC1CN(c2ccc([N+](=O)[O-])c(NCCOc3ccc(Cl)cc3)c2)CC(C)N1,0
CC1CN(c2ccc([N+](=O)[O-])c(NCCOc3ccccc3)c2)CC(C)N1,0
CC1CN(c2ccc([N+](=O)[O-])c(NCCOc3ccccc3)c2)CCN1,0
Cc1ccccc1OCCNc1cc(N2CCN(C)CC2)ccc1[N+](=O)[O-],0
Cc1ccccc1OCCNc1cc(N2CCN(CCO)CC2)ccc1[N+](=O)[O-],0
Cc1ccccc1OCCNc1cc(N2CC(C)NC(C)C2)ccc1[N+](=O)[O-],0
O=[N+]([O-])c1ccc(O)cc1Oc1ccc(C(F)(F)F)cc1Cl,0
O=C(N/N=C/c1c(Cl)cccc1[N+](=O)[O-])c1ccccn1,0
O=C(CNC(=O)C(c1ccccc1)c1ccccc1)N/N=C/c1cccc([N+](=O)[O-])c1O,0
Cc1cccc(NCC(=O)N/N=C/c2cccc([N+](=O)[O-])c2O)c1,0
COc1cc(Br)ccc1OCC(=O)N/N=C/c1cccc([N+](=O)[O-])c1O,0
CCCOc1ccc(C(=O)N/N=C/c2ccc([N+](=O)[O-])s2)cc1,0
O=[N+]([O-])c1cccc(/C=N/Nc2nc(Nc3ccccc3)nc(N3CCCC3)n2)c1O,0
Nc1ccc(C[P+](c2ccccc2)(c2ccccc2)c2ccccc2)cc1.[I-],0
C[n+]1cc(-c2ccc3cccc([N+](=O)[O-])c3n2)cc2ccccc21.[I-],0
Cn1nc([N+](=O)[O-])c[n+]1[O-],0
[O][n+]1cnc2ccc3cccc4ccc1c2c34,0
CCCc1n(-c2ccccc2)cc(Nc2ccccc2)[n+]1-c1ccccc1.[Cl-],0
Cc1ccc(CCSc2ccc(C(C)(C)C)cc2)c[n+]1CC(=O)c1ccc([N+](=O)[O-])cc1,0
Cc1cc[n+](CC(=O)c2ccc([N+](=O)[O-])cc2)c2ccccc12,0
Cc1[nH]c2ccc(OC(F)(F)F)cc2c1CCNCc1ccc(Cl)cc1,0
COc1ccc(CNCCc2c(C)[nH]c3ccc(OC(F)(F)F)cc23)c(OC)c1,0
COc1ccc2[nH]c(C)c(CCNCCC3=C(C)CCCC3(C)C)c2c1,0
COc1cccc(/C=N/NC(=O)CCCc2c[nH]c3ccccc23)c1O,0
Cl.Oc1ccc(C(CCNCCc2c[nH]c3ccccc23)c2ccccc2)cc1,0
CCN(CC)c1ccc(CNCCc2c(C)[nH]c3ccccc23)cc1,0
N#Cc1c(/N=C/c2cc(I)cc(I)c2O)oc(-c2ccccc2)c1-c1ccccc1,0
O=C(O)c1cc(-c2ccc(Br)cc2)nc2ccc(Cl)cc12,0
O=[N+]([O-])N1CCn2c3c(c4cc(C5CCCCC5)ccc42)CCCC31,0
CC(Nc1nc(NN)nc(Nc2ccc(F)cc2)n1)c1ccccc1.Cl,0
Cc1cccc(Nc2c3ccccc3nc3ccccc23)c1,0
OCC(O)/C=N/Nc1nc(Nc2ccccc2)nc(Nc2ccccc2)n1,0
CC(=O)c1cc2c(C)cc(=O)oc2c(C)c1O,0
O=C(CNC(=O)c1ccc(Cl)cc1)N/N=C/c1cc(I)cc(I)c1O,0
Cc1cccc(OCC(=O)N/N=C/c2cc(Br)cc(I)c2O)c1,0
Cc1ccccc1NC(=O)c1c(C)nc(SCC(=O)c2ccc(O)c(O)c2)c(C#N)c1-c1cccnc1,0
CCc1nc(NC(C)=O)sc1-c1ccc([N+](=O)[O-])o1,0
O=[N+]([O-])c1cc([N+](=O)[O-])c2cccnc2c1NCCO,0
COc1ccccc1-c1nnc(-c2ccccc2O)o1,0
CCc1ccc(O)c(/N=C/c2cc(Br)cc(Br)c2O)c1,0
O=[N+]([O-])c1cc(Br)cc(C2Nc3ccccc3C(c3ccccc3)(c3ccccc3)O2)c1O,0
Oc1c(Cl)cc(Br)cc1/C=N/c1ccc(F)cc1,0
Oc1c(Cl)cc(Br)cc1/C=N/c1ccc2c(c1)OCCO2,0
COc1ccc(/N=C/c2cc(Br)cc(Cl)c2O)cc1OC,0
Oc1c(Cl)cc(Br)cc1/C=N/c1ccc2ncccc2c1,0
CCCC(C)c1ccc(O)c(/N=C/c2cc(Br)cc(Cl)c2O)c1,0
Cc1ccc(/N=C/c2cc(Br)cc(Cl)c2O)c(C)c1,0
Oc1c(Cl)cc(Br)cc1/C=N/c1ccccc1,0
Cc1cc(/C=N/c2cc(Cl)ccc2O)c(O)c(Br)c1C,0
Oc1c(I)cc(I)cc1/C=N/c1ccc(F)cc1,0
CCc1ccc(O)c(/N=C/c2cc(I)cc(I)c2O)c1,0
Oc1c(I)cc(I)cc1/C=N/c1cccc(Cl)c1Cl,0
Oc1c(I)cc(I)cc1/C=N/c1cccc(F)c1,0
COc1cccc(/N=C/c2cc(I)cc(I)c2O)c1,0
Oc1c(I)cc(I)cc1/C=N/c1cccc2ccccc12,0
Oc1c(I)cc(I)cc1/C=N/c1ccccc1I,0
COc1ccccc1/N=C/c1cc(I)cc(I)c1O,0
COc1cc(C2C(C(=O)c3ccc4c(c3)OCCO4)=C(O)C(=O)N2Cc2ccc3c(c2)OCO3)c(OC)c2c1OCO2,0
Cc1ccc(Cc2cc(C)ncc2C)c(C)c1,0
[O-][n+]1onc2c1c1no[n+]([O-])c1c1no[n+]([O-])c21,0
Cc1nc2c3no[n+]([O-])c3c3no[n+]([O-])c3c2[nH]1,0
Fc1ccccc1Nc1nc2nonc2nc1Nc1ccccc1F,0
COc1cc(Br)cc(Br)c1OCC(=O)N/N=C/c1cc(O)c(O)c(Br)c1Br,0
COc1cc(Br)ccc1OCC(=O)N/N=C/c1cc(O)c(O)c(Br)c1Br,0
COc1ccccc1OCC(=O)N/N=C/c1cc(O)c(O)c(Br)c1Br,0
Cc1cccc(NCC(=O)N/N=C/c2c(C)c(Br)c(O)c(Br)c2O)c1,0
O=C(COc1ccc(Cl)cc1)N/N=C/c1cc(Br)c(O)c(Br)c1O,0
Cc1ccc(OCC(=O)N/N=C/c2cc(Br)c(O)c(Br)c2O)cc1C,0
Cc1cc(Br)c(OCC(=O)N/N=C/c2cc(Br)c(OCC(=O)O)c(Br)c2OCC(=O)O)c(Br)c1,0
COCc1cc(C)nc(SCC[N+](C)(C)CC(=O)Nc2cccc(C(F)(F)F)c2)c1C#N.[Cl-],0
COCc1cc(C)nc(SCC[N+](C)(C)CC(=O)Nc2cccc(C)c2)c1C#N.[Cl-],0
COCc1cc(C)nc(SCC[N+](C)(C)CC(=O)c2ccc(Br)cc2)c1C#N.[Br-],0
Nc1nonc1C(=O)NN=Cc1c(O)ccc2ccccc12,0
Nc1nonc1C(=O)N/N=C\c1cc(Br)ccc1O,0
O=C(N/N=C/c1cc(Br)c(O)c(O)c1Br)c1nc(-c2ccccc2)n(-c2ccccc2)n1,0
CC(C)(C)c1cc(SCC2CN=C(N)S2)cc(C(C)(C)C)c1O.Cl,0
CCOC(=O)c1c(CSc2ccccc2)oc2ccc(O)c(CN(C)C)c12.Cl,0
CCOC(=O)c1c2n(c3cc(Br)c(OC)cc13)CCN(Cc1ccccc1)C2,0
CCOC(=O)c1c(CNCCN(CC)CC)n(-c2ccccc2)c2cc(Br)c(OC)cc12,0
CCOC(=O)c1c(CN2CCC(C)CC2)oc2ccc(OC)cc12,0
COc1cc2c(C(=O)OCCN(C)C)c(C)n(-c3ccccc3)c2cc1Br.Cl,0
CC(C)C1Nc2c(O)cc(Cl)c([N+](=O)[O-])c2C2C=CCC21,0
O=[N+]([O-])c1c(Cl)cc(O)c2c1C1C=CCC1C(C1CC=CCC1)N2,0
O=[N+]([O-])c1c(Cl)cc(O)c2c1C1C=CCC1C(c1ccccc1)N2,0
CCOc1ccc(N=Nc2ccc(O)c(C=O)c2)cc1,0
CC1(C)Cc2c(ccc3ccccc23)C=N1,0
O=C(COc1ccc(Cl)cc1Cl)NCc1ccco1,0
Cc1ccc(Nc2nc(NN)nc(N3CCOCC3)n2)cc1Cl,0
C/C(=N/Nc1nc(Nc2cccc(Br)c2)nc(N2CCOCC2)n1)c1ccccc1,0
Cc1ccc(Nc2nc(N/N=C/C(Br)=C/c3ccccc3)nc(N3CCOCC3)n2)cc1,0
C[N+](C)(C)c1nc(N2CCOCC2)nc(N(c2ccccc2)c2ccccc2)n1,0
O=c1[nH]c2c(Br)c(Br)c(Cl)cc2o1,0
O=c1[nH]c2c(Br)c(Cl)c(Cl)cc2o1,0
OCC(O)/C=N/Nc1nc(Nc2ccccc2)nc(N2CCCCC2)n1,0
Cc1nonc1N=Nc1ccc(O)c(C=O)c1,0
O=Cc1cc(N=Nc2nonc2-c2ccccc2)ccc1O,0
CCOC(=O)c1sc(NC(=O)c2ccc(F)cc2[N+](=O)[O-])c(C(=O)OCC)c1C,0
CCN(CC)CCCC(C)Nc1nc(/C=C/c2ccc(Br)cc2)nc2cc(Cl)ccc12,0
Fc1nc(F)c(F)c(NNC(=S)Nc2cccc(C(F)(F)F)c2)c1F,0
O=C(O)c1ccc(/C=N/Nc2nc3ccccc3s2)cc1,0
Oc1ccc(/C=N/Nc2nc3ccccc3s2)cc1O,0
NNc1nc(NCc2ccccc2)nc(Nc2ccccc2)n1,0
COc1ccc(C(=O)N/N=C\c2cc(Br)c(O)c(O)c2Br)cc1,0
Cc1ccc(NCC(=O)N/N=C/c2cc(Br)c(O)c(O)c2Br)cc1,0
Cc1cccc(NCC(=O)N/N=C/c2cc(Br)c(O)c(O)c2Br)c1,0
O=C(COc1ccc2ccccc2c1)N/N=C/c1cc(Br)c(O)c(O)c1Br,0
COc1cc(Br)c(OCC(=O)N/N=C/c2cc(Br)c(O)c(O)c2Br)c(Br)c1,0
COc1cc(Br)cc(Br)c1OCC(=O)N/N=C/c1cc(Br)c(O)c(O)c1Br,0
COc1cc(Br)ccc1OCC(=O)N/N=C/c1cc(Br)c(O)c(O)c1Br,0
O=C(COc1cccc(Br)c1)N/N=C/c1cc(Br)c(O)c(O)c1Br,0
O=C(Cc1ccccc1)N/N=C/c1cc(Br)c(O)c(O)c1Br,0
O=C(N/N=C/c1cc(Br)c(O)c(Br)c1)c1ccc(I)c(O)c1,0
COc1cc(Br)cc(Br)c1OCC(=O)N/N=C/c1cc(Br)c(O)c(O)c1O,0
COc1cc(/C=N/NC(=O)CNc2ccc3ccccc3c2)cc(OC)c1O,0
Cc1ccc(NCCN(C)C)c2c(=O)c3cc(O)ccc3sc12.I,0
CC(=O)[O-].Cc1c2cc[n+](CCN3CCCCC3)cc2c(C)c2c1[nH]c1ccc(O)cc12,0
O=C(Oc1c(Cl)c(Cl)c(Cl)c(Cl)c1Cl)c1cc(F)c(F)cc1Cl,0
COC1C(OC(=O)c2ccc(C)[nH]2)C(O)C(Oc2ccc3c(O)c(NC(=O)c4ccc(O)c(CC=C(C)C)c4)c(=O)oc3c2Cl)OC1(C)C,0
CCCc1n[nH]c2c1C(c1c[nH]c3ccccc13)C(C#N)=C(N)O2,0
COc1ccc(CCC(C)NCCC(c2ccccc2)c2ccccc2)c(OC)c1.Cl,0
O=C(CSc1nc2ccccc2s1)N/N=C/c1ccccn1,0
c1ccc2[nH]c(SCCSc3nc4ccccc4[nH]3)nc2c1,0
O=C(N/N=C/c1ccc(Sc2ccccc2)o1)c1ccncc1,0
O[C@@H](c1cc(-c2ccc(C(F)(F)F)cc2)nc(C(F)(F)F)c1)[C@H]1CCCCN1,0
CC[Ge](CC)(CC)c1nn[nH]c1CNc1ccccc1,0
Cn1cnc([N+](=O)[O-])c1Oc1ccccc1,0
CC(=O)Cn1cc([N+](=O)[O-])c([N+](=O)[O-])n1,0
Cl.N#C/C(=C\c1ccccc1[N+](=O)[O-])c1nc2ccccc2[nH]1,0
Cl.N[C@@H](Cc1c[nH]c2ccccc12)C(=O)N1CCC(c2cc(C(F)(F)F)[nH]n2)CC1,0
O/N=C1\CCCc2c1[nH]c1ccc(Cl)cc21,0
NC(=S)N/N=C\c1c2ccccc2cc2ccccc12,0
O=C(CCC(=O)Nc1cccc(Cl)c1)N/N=C/c1cc(Br)ccc1O,0
O=C(CNC(=O)c1ccco1)N/N=C/c1c2ccccc2cc2ccccc12,0
Cc1ccc(NCC(=O)N/N=C/c2c(C)cc(O)cc2O)cc1,0
Cc1ccc(NCC(=O)N/N=C/c2cc(Cl)ccc2O)cc1,0
COc1ccc(OCC(=O)N/N=C/c2c(Br)cc(Br)c(O)c2Br)cc1,0
O=C(COc1ccc2ccccc2c1)N/N=C/c1c(Br)cc(Br)c(O)c1Br,0
Cc1cccc(C)c1OCC(=O)N/N=C/c1c2ccccc2cc2ccccc12,0
Cc1ccc(OCC(=O)N/N=C/c2c(Br)cc(Br)c(O)c2Br)c(Br)c1,0
COc1cc(Br)ccc1OCC(=O)N/N=C/c1c(Br)cc(Br)c(O)c1Br,0
O=C(COc1cccc(Br)c1)N/N=C/c1c(Br)cc(Br)c(O)c1Br,0
COc1ccccc1OCC(=O)N/N=C/c1c(Br)cc(Br)c(O)c1Br,0
COc1ccc(O)c(/C=N/NC(=O)CSc2cccc3cccnc23)c1,0
Nc1nonc1/N=C/c1cc(I)cc(I)c1O,0
COc1ccc(C(=O)NCC(=O)N/N=C/c2cc(Br)cc(Br)c2OC(=O)c2cccc(Br)c2)cc1OC,0
O=C(CNC(=O)c1ccco1)N/N=C/c1cc(Br)cc(Br)c1OC(=O)c1ccco1,0
Br.Cc1ccc(Nc2nc(-c3c(C)nc4ncccn34)cs2)c(C)c1,0
Cc1oc(-c2ccccc2)cc1C(=O)Nc1cccc(/C=C\C(=O)O)c1,0
O=[N+]([O-])c1cc(/C=N/c2ccccc2S)c(O)c([N+](=O)[O-])c1,0
Oc1ccc2ccccc2c1/C=N\C1CCCCC1,0
Cc1ccc2[nH]c(-c3cc[n+](C)cc3)cc2c1.[I-],0
O=C(O)C1CSC(c2cc([N+](=O)[O-])ccc2OCc2c(Cl)cccc2Cl)N1,0
Nc1c(C(=O)O)cc(Br)c2c1C(=O)c1ccccc1C2=O,0
O=C(O)c1ccc2nc3c(nc2c1)-c1cccc2cccc-3c12,0
O=C(Nc1ccccc1)c1c(NC(=O)C(F)(F)F)sc2c1CCCCC2,0
CCOC(=O)C1=C(N)Oc2[nH]nc(-c3ccccc3)c2C12C(=O)Nc1ccccc12,0
Sc1nnc(-c2ccc(Cl)cc2Cl)o1,0
COc1cccc(-c2nc(-c3ccccc3)c(-c3ccccc3)[nH]2)c1OCC(=O)O,0
O=C(Nc1ccc(OC(F)(F)F)cc1)c1n[nH]cc1[N+](=O)[O-],0
O=C(N/N=C/c1ccccc1OCc1ccccc1)c1cc(Br)cc(Br)c1O,0
CCOc1cccc(C(=O)Nc2ccc(Br)cc2C(=O)O)c1,0
O=C(COc1ccccc1Cl)Nc1ccc(Br)cc1C(=O)O,0
Cc1cc(I)c(O)c(/C=N/c2ccccc2O)c1,0
Cc1ccc(NC(=O)c2ccc(Oc3ccc([N+](=O)[O-])cc3)cc2)c(C(=O)O)c1,0
COc1cc(Br)ccc1OCC(=O)N/N=C/c1cc(Cl)cc([N+](=O)[O-])c1O,0
Oc1ccc(I)cc1/C=N/c1ccc(Cl)c(Cl)c1,0
COc1cc(/C=N/NC(=O)Cc2cccc3ccccc23)cc([N+](=O)[O-])c1O,0
COc1cc(/C=N/NC(=O)COc2ccc(C)c(C)c2)cc([N+](=O)[O-])c1O,0
O=c1[nH]c(=O)c2cc([N+](=O)[O-])cc([N+](=O)[O-])c2[nH]1,0
COc1cc(/C=C2\SC(=S)NC2=O)cc([N+](=O)[O-])c1OC(C)=O,0
O=C(O)c1cc(/N=C/c2cc(Br)cc(Cl)c2O)ccc1O,0
O=c1cc[nH]c2cc(N3CCOCC3)c(F)cc12,0
N#CCc1ccc(NC(=O)/C=C/c2ccc([N+](=O)[O-])o2)cc1,0
O=C(Cc1ccc(Br)c2ccccc12)N/N=C/c1ccc(O)c(O)c1,0
Cc1cccc(OCC(=O)Nc2cc(Cl)ccc2C(=O)O)c1,0
O=C(Cc1cccc2ccccc12)N/N=C/c1ccc(O)c(Br)c1,0
O=C1C=CC(=C(c2ccc(O)cc2)c2ccccc2C(=O)O)C=C1,0
CCCCCCCCCCOC(=O)c1ccccc1C(=O)O,0
Cc1cccc(Nc2ccccc2C(=O)O)c1C,0
c1ccc2nc3c4cccnc4c4ncccc4c3nc2c1,0
Fc1ccccc1Nc1nc2nonc2nc1Nc1ccccc1,0
COC(=O)c1c(CSC(N)=[NH2+])nc2n(Cc3ccccc3)c3ccccc3n12.[Br-],0
COc1ccc(-c2nnc(NC(=O)c3ccc(Cl)cc3)o2)cc1,0
Cc1cccc(-c2nnc(NC(=O)c3ccc(Cl)cc3)o2)c1,0
O=C(Nc1nnc(-c2ccccc2)o1)c1ccc(Cl)c(Cl)c1,0
CNc1nc2nonc2nc1Nc1ccc(Cl)cc1,0
OCCNc1nc2nonc2nc1Nc1ccc(Cl)cc1,0
c1ccc(Nc2nc3nonc3nc2Nc2ccccc2)cc1,0
Cc1cc(=O)n2c3c(c4c(cc13)c(CN(C)C)cc(=O)n4C)OC2.Cl,0
NC(=O)C1CCCc2c1[nH]c1ccc(Cl)cc21,0
OC1CCCc2c1[nH]c1ccc(Br)cc21,0
CCOc1cc2c(cc1OCC)C(c1ccc(-c3ccccc3)cc1)NCC2,0
CCOc1cc2c(cc1OCC)C(c1ccc3c(c1)Cc1ccccc1-3)NCC2,0
CCOc1cc2c(cc1OCC)C(c1ccc3ccccc3c1)NCC2,0
CCOc1cc2c(cc1OCC)C(c1cccc(Oc3ccccc3)c1)NCC2,0
COc1ccc(-c2n[nH]c3c2C2(C(=O)Nc4ccccc42)C(C#N)=C(N)O3)cc1,0
Cc1cc(C)c2nc3nc(C)cc(C)c3c(N)c2c1,0
O=C1c2ccccc2-c2nc3cc4[nH]c(=O)[nH]c4cc3nc21,0
CC(C)(C)c1ccc(Oc2c(NC(=O)c3ccccc3C(=O)O)ccc3c2C(=O)c2ccccc2C3=O)cc1,0
CN(C)c1ccc(/C=C2/Oc3c(ccc(O)c3O)C2=O)cc1,0
CC(=O)Oc1ccc2nc(COc3ccc(C4CCCCC4)cc3)oc(=O)c2c1,0
CCN(CC)c1ccc(N/N=C2\Oc3ccc4c(C)cc(=O)oc4c3C2=O)cc1,0
CCCCCCCCn1c(S)nc2c1c(=O)n(C)c(=O)n2C,0
CCn1c2ccccc2c2nnc(SCCN3CCOCC3)nc21,0
Clc1ccc(Nc2nc3nonc3nc2Cl)cc1Cl,0
CNc1nc2nonc2nc1Nc1ccc(I)cc1,0
COc1ccc(-c2cn3c(n2)sc2cc(C)ccc23)cc1,0
Cc1ccc2c(c1)sc1nc(-c3ccccc3)cn12,0
CC(C)c1ccc2c(c1)CCC1C(C)(CN)CCCC21C.O=C(O)c1ccccc1,0
Cc1cc2nc3ccc(N(C)C)cc3[s+]c2cc1N.[Cl-],0
O=C1c2cccc3cc([N+](=O)[O-])cc(c23)C(=O)N1CCN1CCCC1,0
CN(C)CCCn1c2c3ccccc3ccc2c2oc(=O)c3ccccc3c21.Cl,0
CCOC(=O)c1ccc(NC(=O)C(=S)N/N=C/c2ccc([N+](=O)[O-])o2)cc1,0
Cc1nc2ccccc2nc1NS(=O)(=O)c1ccc(N)cc1,0
CCCCCCCc1c2c(C)c(C(=O)OCC)nc-2cc2n1C(C)C(C)=C2C,0
CCCCCc1c2c(C)c(C(=O)OCC)nc-2cc2n1CC(C)=C2C,0
CC(=O)c1c(C)n(Cc2ccccc2)c2c(Cl)c(Cl)c(Cl)c(OCC(=O)O)c12,0
Cl.OC(CNCCOc1ccccc1)Cn1c2ccccc2c2ccccc21,0
C(=C/c1nnc2ccc3ccccc3n12)\c1ccco1,0
COc1ccc(O)c(/C=N/NC(=O)c2nnn(-c3nonc3N)c2-c2ccccc2)c1,0
COc1cccc(/C=N/NC(=O)c2nnn(-c3nonc3N)c2-c2ccccc2)c1O,0
Cc1cc(-n2c(C)cc(C=O)c2C)ccc1Br,0
COc1ccc(-n2cnc3cc(Nc4nnc(C)c5ccccc45)ccc32)cc1,0
CC(C)(C)c1ccc(OCc2nnc(SCc3ccc(C(=O)O)cc3)n2-c2ccccc2)cc1,0
Cc1nn(-c2ccccc2)c(O)c1/C=N/NC(=O)Cc1ccc([N+](=O)[O-])cc1,0
Cc1ccc(-c2nnc3ccc4ccccc4n23)cc1,0
CCc1ccc(-c2nnc3ccc4ccccc4n23)cc1,0
Fc1ccccc1Nc1nc2nonc2n2nnnc12,0
Oc1ccc(N=Nc2nc(C3CCCCC3)n[nH]2)cc1,0
N#Cc1c(Cl)nc(NN)c(Cl)c1Cl,0
Nc1nc(-c2cc([N+](=O)[O-])cc([N+](=O)[O-])c2)n[nH]1,0
Oc1c(CN2CCN(c3ccccc3)CC2)cc(Br)c2cccnc12,0
c1cc(-c2nc(-c3ccncc3)c(-c3ccncc3)[nH]2)ccn1,0
Cc1ccc(-c2n[nH]c(N=Nc3ccc(O)cc3)n2)cc1,0
Br.O=C(O)/C(Cc1ccccc1[N+](=O)[O-])=N\Nc1nc(-c2ccc(Cl)cc2)cs1,0
Oc1ccc(N=Nc2nc(-c3ccccc3)n[nH]2)cc1,0
CCOc1ccc(Nc2c3ccccc3nc3ccccc23)cc1,0
OC(c1cc(-c2ccc(Cl)cc2)nc2ccccc12)C1CCCCN1,0
c1ccc2c(c1)ccc1c2nc2ccccn21,0
Cl.c1ccc2c(c1)ccc1c2nc2ccccn21,0
O=C(CSc1ccc2ccccc2n1)N/N=C/c1ccc(O)cc1O,0
Cc1c2ccncc2c(C)c2c1[nH]c1ccccc12,0
Cc1cc(C)c(CSc2nnc(C)s2)c(C)c1,0
COc1cc([C@@H]2c3cc4c(cc3[C@@H](OC3OC5CO[C@@H](c6cccs6)OC5C(O)C3O)[C@H]3COC(=O)[C@H]23)OCO4)cc(OC)c1O,0
OB1OCc2ccccc21,1
BrC(/C=N/Nc1nc(N2CCOCC2)nc(N2CCOCC2)n1)=C/c1ccccc1,1
Cl.Clc1ccc(C(=C2CN3CCC2CC3)c2ccc(Cl)s2)s1,1
O=C(/C=C(\O)c1ccc(Br)cc1)C(F)(F)F,1
O=C(CCl)C(=O)Nc1ccccc1,1
Cc1ccc(N2C(N)=C(C#N)C(c3ccc(Br)s3)C3=C2CC(C)(C)CC3=O)cc1,1
Cc1ccc(N2C(N)=C(C#N)C(c3ccc(Br)s3)C3=C2CCCC3=O)cc1,1
O=C(NC(=S)N1CCN(c2cc3c(cc2F)c(=O)c(C(=O)O)cn3C2CC2)CC1)c1ccc(Cl)cc1,1
CCn1cc(C(=O)O)c(=O)c2cc([N+](=O)[O-])ccc21,1
CCn1cc(C(=O)O)c(=O)c2cc(F)c(N3CCN(C(=S)NC(=O)c4c(OC)cccc4OC)CC3)cc21,1
CCn1cc(C(=O)O)c(=O)c2cc(F)c(N3CCN(C(=S)Nc4ccc(C(C)=O)cc4)CC3)cc21,1
CCn1cc(C(=O)O)c(=O)c2cnc(N3CCN(C(=S)NC(=O)c4ccc(Cl)nc4)CC3)nc21,1
CCn1cc(C(=O)O)c(=O)c2cnc(N3CCN(C(=S)Nc4ccc(C(=O)OC)cc4)CC3)nc21,1
CCOC(=O)c1cn(CC)c2cc(N3CCN(C)CC3)c(F)cc2c1=O,1
CCCCCCCCCCCCNC(=O)CCCC(=O)CCCCCCCCCC,1
O=C(CCl)c1ccc(Oc2ccc(C(=O)CCl)cc2)cc1,1
O=C(NCCC(F)([N+](=O)[O-])[N+](=O)[O-])C(F)([N+](=O)[O-])[N+](=O)[O-],1
CC(OS(=O)(=O)c1ccc(N)cc1)C(F)(F)[N+](=O)[O-],1
COc1ccc(O)c(/C=N/NC(=O)C(F)(F)C(F)(F)C(F)(F)C(F)(F)C(F)(F)C(F)(F)F)c1,1
O=C(/C=C/c1cccs1)CC(=O)C(F)(F)F,1
CCCCCCCCCCCCNC(=O)c1ccc(NC(=O)CCCCCCC)cc1,1
CO[C@@]12[C@H](COC(N)=O)C3=C(C(=O)C(C)=C(N)C3=O)N1C[C@@H]1N[C@@H]12,1
O=[N+]([O-])C12C=CCC([N+](=O)[O-])(CN(CCO)C1)C2,1
Cl.O=C1C2=C(C(=O)c3ccccc31)N1CCCN=C1S2,1
Cc1c(NC(=O)c2cn3c4c(c(N5CCN(C)CC5)c(F)cc4c2=O)OCN3C)c(=O)n(-c2ccccc2)n1C,1
CCC1(CC)OC(/C(Br)=C/c2ccccc2)Nc2ccccc21,1
CC12CCC(C1)C(C)(C)C2OC(=O)C[N+](C)(C)CCOC1CC2CCC1(C)C2(C)C.[Cl-],1
CC1CCC(C(C)C)C(OC(=O)C[N+](C)(C)CCOC2CC3CCC2(C)C3(C)C)C1.[Cl-],1
CCCCCCCCCOC(=O)C[N+](C)(C)CCOC1CC2CCC1(C)C2(C)C.[Cl-],1
CC1(C)SC2C(NC(=O)C(N)c3ccccc3)C(=O)N2C1C(=O)[O-].[Na+],1
CC1=C(C)C(C)C(C)=C1c1ccc(-c2ccccc2)cc1.CN(C)C1=N[Ir@@](C)(Cl)NC(N)=N1,1
CC1=C(C)C(C)C(C)=C1c1ccc(-c2ccccc2)cc1.C[Ir@@]1(Cl)N=C(Nc2ccc(F)cc2)N=C(N)N1,1
CC1=C(C)C(C)C(C)=C1c1ccc(-c2ccccc2)cc1.C[Ir@@]1(Cl)N=C(Nc2ccccc2)N=C(N)N1,1
CC1=C(C)C(C)C(C)=C1c1ccc(-c2ccccc2)cc1.Cc1ccccc1NC1=N[Ir@@](C)(Cl)NC(N)=N1,1
CC1=C(C)C(C)C(C)=C1c1ccc(-c2ccccc2)cc1.C[Ir@@]1(Cl)N=C(NCCc2ccccc2)N=C(N)N1,1
CC1c2cccc(O)c2C(=O)C2=C(O)C3(O)C(O)=C(C(N)=O)C(=O)C(N(C)C)C3C(O)C21,1
CC1COc2c(N3CCN(C)CC3)c(F)cc3c(=O)c(C(=O)O)cn1c23,1
CCN1CCN(C(=O)N[C@@H](C(=O)N[C@@H]2C(=O)N3[C@@H](C(=O)[O-])C(C)(C)S[C@H]23)c2ccccc2)C(=O)C1=O.[Na+],1
CCN1CCN(c2cc3c(cc2F)c(=O)c(C(=O)O)cn3C2CC2)CC1,1
CC[C@H]1OC(=O)[C@H](C)[C@@H](O[C@H]2C[C@@](C)(OC)[C@@H](O)[C@H](C)O2)[C@H](C)[C@@H](O[C@@H]2O[C@H](C)C[C@H](N(C)C)[C@H]2O)[C@](C)(OC)C[C@@H](C)C(=O)[C@H](C)[C@@H](O)[C@]1(C)O,1
CC[C@H]1OC(=O)[C@H](C)[C@@H](O[C@H]2C[C@@](C)(OC)[C@@H](O)[C@H](C)O2)[C@H](C)[C@@H](O[C@@H]2O[C@H](C)C[C@H](N(C)C)[C@H]2O)[C@](C)(O)C[C@@H](C)CN(C)[C@H](C)[C@@H](O)[C@]1(C)O,1
CCn1cc(C(=O)O)c(=O)c2cc(F)c(N3CCN(C)CC3)cc21.CS(=O)(=O)O,1
CCn1cc(C(=O)O)c(=O)c2cc(F)c(N3CCNCC3)cc21,1
CCn1cc(C(=O)O)c(=O)c2ccc(C)nc21,1
CN(C)c1ccc(O)c2c1C[C@H]1C[C@H]3[C@H](N(C)C)C(=O)C(C(N)=O)=C(O)[C@@]3(O)C(=O)C1=C2O.Cl,1
COc1cccc(/C=C/c2ccc(C(=O)Nc3cc(C(=O)Nc4cc(C(=O)NCCN(C)C)n(C)c4)n(C)c3)cc2)c1.O=C(O)C(F)(F)F,1
COc1ccc(/C=C/c2ccc(C(=O)Nc3cc(C(=O)Nc4cc(C(=O)NCCN5CCOCC5)n(C)c4)n(C)c3)cn2)cc1.O=C(O)C(F)(F)F.O=C(O)C(F)(F)F,1
CC(C)CCn1cc(NC(=O)c2cc(NC(=O)c3cc(NC(=N)c4cnc5ccccc5c4)cn3C)cn2C)cc1C(=O)NCCCN(C)C.O=C(O)C(F)(F)F.O=C(O)C(F)(F)F,1
CC1COc2c(N3CCN(C)CC3)c(F)cc3c(=O)c(C(=O)Nc4ccc(-c5n[nH]c(=S)o5)cc4)cn1c23.Cl,1
CN1CCN(c2c(F)cc3c(=O)c(C(=O)O)cn4c3c2SCC4)CC1.Cl,1
CON=C(C(=O)NC1C(=O)N2C(C(=O)[O-])=C(COC(C)=O)CSC12)c1csc(N)n1.[Na+],1
CON=C(C(=O)N[C@@H]1C(=O)N2C(C(=O)O)=C(COC(N)=O)CS[C@H]12)c1ccco1,1
CO[C@H]1C=CO[C@@]2(C)Oc3c(C)c(O)c4c(O)c(c5c(nc6cc(C)ccn65)c4c3C2=O)NC(=O)C(C)=CC=C[C@H](C)[C@H](O)[C@@H](C)[C@@H](O)[C@@H](C)[C@H](OC(C)=O)[C@@H]1C,1
CO[C@H]1/C=C/O[C@@]2(C)Oc3c(C)c(O)c4c(O)c(/c(=C/NN5CCN(C)CC5)c(O)c4c3C2=O)=N\C(=O)/C(C)=C\C=C/[C@H](C)[C@H](O)[C@@H](C)[C@@H](O)[C@@H](C)[C@H](OC(C)=O)[C@@H]1C,1
CO[C@H]1/C=C/O[C@@]2(C)Oc3c(C)c(O)c4c(O)c(c(C=NN5CCN(C)CC5)c(O)c4c3C2=O)NC(=O)/C(C)=C\C=C\[C@H](C)[C@H](O)[C@@H](C)[C@@H](O)[C@@H](C)[C@H](OC(C)=O)[C@@H]1C,1
CO[C@H]1/C=C/O[C@@]2(C)Oc3c(C)c(O)c4c(O)c(c(C=NN5CCN(C6CCCC6)CC5)c(O)c4c3C2=O)NC(=O)/C(C)=C\C=C\[C@H](C)[C@H](O)[C@@H](C)[C@@H](O)[C@@H](C)[C@H](OC(C)=O)[C@@H]1C,1
CO[C@H]1/C=C/O[C@@]2(C)Oc3c(C)c(O)c4c(O)c(c5c(c4c3C2=O)=NC2(CCN(CC(C)C)CC2)N=5)NC(=O)/C(C)=C\C=C\[C@H](C)[C@H](O)[C@@H](C)[C@@H](O)[C@@H](C)[C@H](OC(C)=O)[C@@H]1C,1
CO[C@@]1(NC(=O)Cc2cccs2)C(=O)N2C(C(=O)[O-])=C(COC(N)=O)CS[C@@H]21.[Na+],1
COc1c(N2CCNC(C)C2)c(F)cc2c(=O)c(C(=O)O)cn(C3CC3)c12,1
COc1c(N2C[C@@H]3CCCN[C@@H]3C2)c(F)cc2c(=O)c(C(=O)O)cn(C3CC3)c12.Cl,1
COc1cc(C)c(Cc2cnc(N)nc2N)cc1OC,1
COc1cc(Cc2cnc(N)nc2N)cc(OC)c1OC,1
COc1ccc(OC)c(NCc2ccc3nc(N)nc(N)c3c2Cl)c1,1
C[C@H]1c2cccc(O)c2C(=O)C2=C(O)[C@]3(O)C(=O)C(C(N)=O)=C(O)[C@@H](N(C)C)[C@@H]3[C@@H](O)[C@@H]21.Cl,1
C/C(=C\C(=O)OCCCCCCCCC(=O)O)C[C@@H]1OC[C@H](C[C@@H]2O[C@H]2[C@@H](C)[C@H](C)O)[C@@H](O)[C@H]1O,1
C[C@H]1COc2c(N3CCN(C)CC3)c(F)cc3c(=O)c(C(=O)O)cn1c23,1
C[C@H]1COc2c(N3CCN(C)CC3)c(F)cc3c(=O)c(C(=O)O)cn1c23,1
C[C@H]1COc2c(C3(N)CC3)c(F)cc3c(=O)c(C(=O)O)cn1c23,1
Cc1cn([C@H]2C[C@H](N=[N+]=[N-])[C@@H](CO)O2)c(=O)[nH]c1=O,1
Cc1nnc(SCC2=C(C(=O)[O-])N3C(=O)C(NC(=O)Cn4cnnn4)C3SC2)s1.[Na+],1
Cl.O=C(Nc1ccc(-c2n[nH]c(=S)o2)cc1)c1cn(C2CC2)c2cc(N3CCNCC3)c(F)cc2c1=O,1
COc1c(N2CC3CCCNC3C2)c(F)cc2c(=O)c(C(=O)Nc3ccc(-c4n[nH]c(=S)o4)cc3)cn(C3CC3)c12.Cl,1
Cn1cnc([N+](=O)[O-])c1S(=O)CC#N,1
CSC(=S)N/N=C(\c1ccccc1)c1ccccn1,1
BrC(=C\c1ccccc1)/C=N/N(c1ccccc1)c1ccccc1,1
CC(C)C(=O)N1c2ccccc2NC2=C(C(=O)CC(c3ccc(C(C)(C)C)cc3)C2)C1c1ccncc1,1
O=C1CSC(=S)N1c1cc([N+](=O)[O-])cc([N+](=O)[O-])c1,1
Cn1ccc(=Nc2ccc(NC(=O)c3ccc(N=c4ccn(C)c5ccc([N+](=O)[O-])cc45)cc3)cc2)cc1,1
CN1/C(=C/C=C/c2cc(-c3ccccc3)cc(-c3ccccc3)[o+]2)C(C)(C)c2ccccc21,1
Br.CCCCCCCCn1ccc(=N)cc1,1
Br.CCCCCCCCCCn1ccc(=N)cc1,1
CC1(c2cccc([N+](=O)[O-])c2)Nc2ccccc2C(=O)N1/N=C/c1cc(Br)cc(Br)c1O,1
O=C1C2C(C(=O)N1/N=C/c1ccc([N+](=O)[O-])o1)C1C=CC2C12CC2,1
Cc1ccc(N2C(=O)NC(=O)/C(=C\c3ccc([N+](=O)[O-])o3)C2=O)cc1,1
COc1cc(NS(=O)(=O)c2ccc(N/C=C3/C(=O)NC(=O)N(c4cccc(Cl)c4)C3=O)cc2)nc(OC)n1,1
COc1cccc(N2C(=O)NC(=O)/C(=C\c3ccc([N+](=O)[O-])s3)C2=O)c1,1
Cc1ccccc1N1C(=O)NC(=O)/C(=C\c2ccc([N+](=O)[O-])o2)C1=O,1
CC1(C)SC2C(NC(=O)Cc3ccccc3)C(=O)N2C1C(=O)[O-].[Na+],1
Cc1nnc(SCC2=C(C(=O)[O-])N3C(=O)C(NC(=O)Cn4cnnn4)C3SC2)s1.[Na+],1
Cl.Cl.N=C(N)Nc1ccc(-c2ccc(-c3ccc(NC(=N)N)cc3Cl)o2)c(Cl)c1,1
Cl.Cl.N=C(N)Nc1ccc(-c2ccc(-c3ccc(N=C(N)N)c(Cl)c3)o2)cc1Cl,1
N#Cc1c(N)[n+]([O-])c2ccccc2[n+]1[O-],1
Nc1nonc1-[n+]1nc2nonc2[n-]1,1
Cc1ccc(S(=O)(=O)O)cc1.NC1CCN(c2nc3c(cc2F)c(=O)c(C(=O)O)cn3-c2ccc(F)cc2F)C1,1
N[C@@H](C(=O)N[C@@H]1C(=O)N2C(C(=O)O)=C(Cl)CS[C@H]12)c1ccccc1,1
C=CC1=C(C(=O)O)N2C(=O)[C@@H](NC(=O)/C(=N/OCC(=O)O)c3csc(N)n3)[C@H]2SC1.O.O.O,1
C=CC1=C(C(=O)O)N2C(=O)[C@@H](NC(=O)/C(=N\O)c3csc(N)n3)[C@H]2SC1,1
CCCCCCCCCCCNC(=O)c1ccc(NC(=O)c2cccc(C)c2)cc1,1
O=C(Nc1c2ccccc2nc2ccccc12)C(F)(OC(F)(F)C(F)(F)C(F)(F)F)C(F)(F)F,1
CCCCCCCCCCCCNC(=O)CCc1ccc(C)o1,1
COC12C(COC(N)=O)C3=C(C(=O)C(C)=C(N)C3=O)N1CC1C2N1C,1
CCc1nnc(NS(=O)(=O)c2ccc(/N=C/c3cc(Br)ccc3OC)cc2)s1,1
COCc1cc(CN2CCCC2)c(O)c2ncccc12,1
O=C(NC(CO)C(O)c1ccc([N+](=O)[O-])cc1)C(Cl)Cl,1
O=c1[nH]c(=O)n(C2CC(O)C(CO)O2)cc1F,1
Oc1c(Cl)cc(Cl)c2cccnc12,1
Oc1c(I)cc(I)c2cccnc12,1
COc1ccc(/C=N/c2ccc(S(=O)(=O)Nc3cc(OC)ncn3)cc2)cc1,1
CCc1nnc(NS(=O)(=O)c2ccc(/N=C/c3ccc([N+](=O)[O-])cc3)cc2)s1,1
CCc1nnc(NS(=O)(=O)c2ccc(/N=C/c3ccccc3O)cc2)s1,1
C[C@H](N)C(=O)N[C@@H]1[C@H]2C(=C(O)C[C@@H](O)[C@@H]2O)C(=O)O[C@]1(C)C(Cl)Cl,1
CCN(CC)c1ccc(C(=C2C=CC(=[N+](CC)CC)C=C2)c2ccc(N(CC)CC)cc2)cc1.[Cl-],1
O=[N+]([O-])/C=C/c1ccc(Cl)cc1Cl,1
CC1CN(Cc2cc([N+](=O)[O-])c3cccnc3c2O)CC(C)O1,1
O=C(Oc1ccc([N+](=O)[O-])c2cccnc12)c1ccc(Cl)cc1Cl,1
CCc1ccc(OCCNc2cc(N3CCNC(C)C3)ccc2[N+](=O)[O-])cc1,1
COC(C[Hg]Cl)c1ccccc1[N+](=O)[O-],1
Cc1ccc2c(c1)[n+]([O-])c(C#N)c(N)[n+]2[O-],1
CC(=O)c1c(C)[n+]([O-])c2ccc(C)cc2[n+]1[O-],1
[O-][n+]1c(CO)c(CO)[n+]([O-])c2ccccc21,1
N#Cc1c(N)[n+]([O-])c2ccc(Br)cc2[n+]1[O-],1
C=CCNc1c([N+](=O)[O-])nn(C)[n+]1[O-],1
CCC(C)n1nc(NC=O)c([N+](=O)[O-])[n+]1[O-],1
Cn1nc(NCCC#N)c([N+](=O)[O-])[n+]1[O-],1
O=[N+]([O-])c1nonc1-c1nnc(-c2no[n+]([O-])c2O)o1,1
O=C(Cl)c1ccc2c(c1)no[n+]2[O-],1
NC(=O)c1ccc2c(c1)no[n+]2[O-],1
O=C(O)c1ccc2c(c1)no[n+]2[O-],1
O=[N+]([O-])c1ccc2no[n+]([O-])c2c1,1
CC1(C[Hg]Br)CSc2cccc3ccc[n+]1c23.[Br-],1
Cc1[nH]c2c(Cl)ccc(Cl)c2c1CCN,1
CN1CCN(Cc2cc(Br)c3cccnc3c2O)CC1,1
Oc1c(CN2CCOCC2)cc(Br)c2cccnc12,1
N#Cc1nc(Cl)c2sc(=O)sc2c1Cl,1
Nc1ncc([N+](=O)[O-])cc1[N+](=O)[O-],1
Oc1cccnc1/N=C/c1cc(I)cc(I)c1O,1
CN1C=C/C(=C\C=C2/C=Nc3ccccc32)c2ccccc21.I,1
CN1CCN(C(=O)c2ccc([N+](=O)[O-])o2)CC1.Cl,1
COc1ccc(CN2CCCN(Cc3ccc(OC)cc3)C2c2ccc([N+](=O)[O-])o2)cc1,1
O=[N+]([O-])c1ccc(C2N(Cc3ccccc3)CCCN2Cc2ccccc2)o1,1
NC(=O)c1c([N+](=O)[O-])cc([N+](=O)[O-])cc1[N+](=O)[O-],1
C#CCNC(=O)c1ccc([N+](=O)[O-])o1,1
O=C(O)c1c([N+](=O)[O-])cc([N+](=O)[O-])cc1[N+](=O)[O-],1
Nc1nc(N)c2c(ccc3[nH]ccc32)n1,1
Cn1cnc([N+](=O)[O-])c1Sc1nnnn1C,1
O=[N+]([O-])c1ncn(CCO)c1[N+](=O)[O-],1
CC(=O)Cn1nnc([N+](=O)[O-])n1,1
CCN(CC)N=Nc1n[nH]c2nc(C)cc(C)c12,1
Cc1ccc2nc3nc(C)cc(C)c3c(N)c2c1,1
CCCCCCCCCCCC[N+]1(CCNC(=O)c2nc(Cl)ccc2Cl)CCCCC1.[Br-],1
O=[N+]([O-])c1ccc2[nH]c(-c3ccc([N+](=O)[O-])o3)nc2c1,1
c1ccc(CCCNc2ccnc3cc4ccccc4cc23)cc1,1
Cc1ccc2nc(-c3ccc(/N=C/c4ccc([N+](=O)[O-])o4)cc3)sc2c1,1
Cc1cc(=O)oc2c3c(ccc12)OC(=O)/C3=N/O,1
Nc1nonc1C(=O)N/N=C/c1cc(Br)cc([N+](=O)[O-])c1O,1
O=[N+]([O-])c1cc(Cl)c2cccnc2c1O,1
CC(=O)OC(OC(C)=O)c1ccc([N+](=O)[O-])s1,1
O=C(O)/C=C/c1ccc([N+](=O)[O-])o1,1
O=C(N/N=C\c1ccc([N+](=O)[O-])o1)c1ccccc1[N+](=O)[O-],1
O=[N+]([O-])c1ccc(/C=N/N=C/c2ccc(O)cc2O)o1,1
COc1cc(C(=O)N/N=C/c2ccc([N+](=O)[O-])o2)cc(OC)c1OC,1
O=C(COc1cccc([N+](=O)[O-])c1)N/N=C/c1ccc([N+](=O)[O-])o1,1
Cc1cccc(C)c1OCC(=O)N/N=C/c1ccc([N+](=O)[O-])o1,1
NC(=O)N/N=C/c1ccc([N+](=O)[O-])o1,1
Cc1ccc([N+](=O)[O-])cc1/N=C/c1ccc([N+](=O)[O-])o1,1
O=[N+]([O-])c1ccc(/C=N/c2ccc(F)cc2)o1,1
O=c1[nH]c2ccc(/N=C/c3ccc([N+](=O)[O-])o3)cc2[nH]1,1
CC(=O)Nc1cccc(/N=C/c2ccc([N+](=O)[O-])s2)c1,1
O=[N+]([O-])c1cccc(/N=C/c2ccc([N+](=O)[O-])s2)c1,1
O=C(c1ccccc1)c1cc(Cl)ccc1/N=C/c1ccc([N+](=O)[O-])s1,1
CC(=O)Nc1ccc(NC(=O)c2ccccc2/N=C/c2ccc([N+](=O)[O-])o2)cc1,1
Cn1ccc(C(=O)N/N=C/c2ccc([N+](=O)[O-])o2)n1,1
Nc1nonc1[N+](=O)[O-],1
O=[N+]([O-])c1nonc1NCn1cnnn1,1
COc1nsc(S(C)(=O)=O)c1C#N,1
CN(C)c1ccc(/C=N\C2CCCc3c2[nH]c2ccc(Br)cc32)cc1,1
Oc1c(Cl)cc(Cl)c2c1NCCC2,1
NNc1ccc2c(Cl)cc(Cl)c(O)c2n1,1
O=[N+]([O-])c1ccc(C=[N+]([O-])CCO)o1,1
CCO.Nc1nc(N)c2cc(Sc3ccc4ccccc4c3)ccc2n1.Nc1nc(N)c2cc(Sc3ccc4ccccc4c3)ccc2n1,1
O=[N+]([O-])c1oc2ccc3ccccc3c2c1CCO,1
Cl.Cl.Nc1ccc(Cn2ccc3c4c(N)nc(N)nc4ccc32)cc1,1
Cn1c2ccncc2c2cc([N+](=O)[O-])ccc21,1
Brc1cnc2c(c1)Oc1ccccc1-c1cc(CN3CCOCC3)nn1-2,1
CN(C)c1nc(N/N=C/C(Br)=C/c2ccccc2)nc(N2CCOCC2)n1,1
COC1=C(N)C(=O)c2nc(-c3nc(C(=O)O)c(C)c(-c4ccc(OC)c(OC)c4O)c3N)ccc2C1=O,1
